Average Rouge-1 Score (ALL),Average Rouge-2 Score (ALL),Average Rouge-L Score (ALL),Average Levenshtein (ALL),Weighted Avg. Percentage Skills (ALL),Cosine Similarity (ALL),Number of Samples,model
0.999999995,0.3333333316666667,0.999999995,0.0,1.0,1.0000001986821492,1,mT5_XL
0.9049999952875002,0.6941666631958333,0.9049999952875002,4.3,0.8823529411764706,0.9905508198837438,10,mT5_XL
0.9489766033332115,0.5184210500394739,0.9489766033332115,2.8947368421052633,0.8888888888888888,0.996321831356015,19,mT5_XL
0.9871895375108861,0.9564659148850929,0.9871895375108861,2.2941176470588234,0.9624060150375939,0.9991495670933351,34,mT5_XL
0.9002525204997895,0.816115698287837,0.8941919144391833,5.090909090909091,0.8723404255319149,0.9864496562517051,11,mT5_XL
0.9708061019139952,0.8892657436909839,0.9708061019139952,1.7924528301886793,0.9363057324840764,0.9959102423159296,53,mT5_XL
0.8703703658744857,0.6666666633333334,0.8703703658744857,12.333333333333334,0.8333333333333334,0.9817038575808207,3,mT5_XL
0.9695379673762645,0.895527836230733,0.9695379673762645,0.9682539682539683,0.9293478260869565,0.9970759000142054,63,mT5_XL
0.9625256607735571,0.8436142826741502,0.9621837804316767,2.1794871794871793,0.9258114374034003,0.9959066193326731,195,mT5_XL
