,Average Rouge-1 Score (ALL),Average Rouge-2 Score (ALL),Average Rouge-L Score (ALL),Average Levenshtein (ALL),Weighted Avg. Percentage Skills (ALL),Cosine Similarity (ALL),Number of Samples,model,Problem Type
HMC,0.7777777731481481,0.3333333316666667,0.7777777731481481,19.0,0.3333333333333333,0.9709031780560812,1,Bloom,HMC
HMDC,0.857222217567861,0.620833330106574,0.857222217567861,7.2,0.7450980392156863,0.9839895634353161,10,Bloom,HMDC
HOWA,0.9141812818795078,0.48771929580701767,0.9141812818795078,2.6315789473684212,0.873015873015873,0.9962162472699818,19,Bloom,HOWA
MC,0.9548474897153535,0.9143907516572879,0.9548474897153535,4.029411764705882,0.9097744360902256,0.994475438080582,34,Bloom,MC
MDC,0.9396464597523149,0.8606060562525252,0.9396464597523149,3.6363636363636362,0.9148936170212766,0.9875945018096405,11,Bloom,MDC
MWA,0.9632596127781564,0.8684111964533642,0.9619119038832777,3.30188679245283,0.910828025477707,0.9955987934939123,53,Bloom,MWA
NONE,0.999999995,0.6666666633333334,0.999999995,0.0,1.0,1.0000000596046448,3,Bloom,NONE
OWA,0.9732924433389846,0.9033083273195127,0.9732924433389846,1.492063492063492,0.9347826086956522,0.9972623525518229,63,Bloom,OWA
All Samples,0.9532848892294008,0.8288812142718747,0.9529185888631003,3.01025641025641,0.8995363214837713,0.9949173145138689,195,Bloom,All Samples
