Average Rouge-1 Score (C),Average Rouge-2 Score (C),Average Rouge-L Score (C),Average Levenshtein (C),Weighted Avg. Percentage Skills (C),Cosine Similarity (C),Number of Samples,model
0.999999995,0.74999999625,0.999999995,0.0,1.0,1.0,2,GPT3-part-1
0.624999996875,0.624999996875,0.624999996875,17.0,0.6666666666666666,0.948414442439874,4,GPT3-part-1
0.678571425,0.4999999974999999,0.678571425,6.714285714285714,0.6428571428571429,0.9763502265725817,14,GPT3-part-1
0.8443977545567027,0.8029411722176472,0.8443977545567027,6.529411764705882,0.8285714285714286,0.9858280315118677,17,GPT3-part-1
0.4543650763180273,0.3333333306944445,0.4543650763180273,31.0,0.5,0.9469838887453079,6,GPT3-part-1
0.44211017422606547,0.34425770023852215,0.44211017422606547,17.529411764705884,0.2222222222222222,0.9430543990696177,17,GPT3-part-1
0.24999999875,0.24999999875,0.24999999875,22.5,0.25,0.9154864996671677,4,GPT3-part-1
0.7978395020078874,0.74999999625,0.7978395020078874,4.083333333333333,0.7777777777777778,0.9750096350908279,36,GPT3-part-1
0.6831904724199915,0.6050238062092155,0.6831904724199915,9.94,0.6590909090909091,0.9669775845607123,100,GPT3-part-1
