Average Rouge-1 Score (ALL),Average Rouge-2 Score (ALL),Average Rouge-L Score (ALL),Average Levenshtein (ALL),Weighted Avg. Percentage Skills (ALL),Cosine Similarity (ALL),Number of Samples,model
0.999999995,0.3333333316666667,0.999999995,0.0,1.0,1.0000001986821492,1,FLAN_T5_XXL
0.9208333284861112,0.6791666632083333,0.9208333284861112,4.0,0.8627450980392157,0.9896152007083098,10,FLAN_T5_XXL
0.9595029190700536,0.5184210500394739,0.9595029190700536,2.789473684210526,0.9047619047619048,0.9972538491090139,19,FLAN_T5_XXL
0.9741269791904377,0.9427404247354199,0.9741269791904377,4.382352941176471,0.9323308270676691,0.9963071043292682,34,FLAN_T5_XXL
0.9154040354997895,0.818181814040404,0.9154040354997895,8.090909090909092,0.8936170212765957,0.9854108090653565,11,FLAN_T5_XXL
0.9700236820229573,0.8887940455370006,0.9700236820229573,2.2264150943396226,0.910828025477707,0.9972243338296713,53,FLAN_T5_XXL
0.999999995,0.6666666633333334,0.999999995,0.0,1.0,1.0000000596046448,3,FLAN_T5_XXL
0.9711920745534984,0.890903859375297,0.9711920745534984,2.9206349206349205,0.9130434782608695,0.9971041370050887,63,FLAN_T5_XXL
0.9635470406030004,0.8389463342857439,0.9635470406030004,3.2717948717948717,0.910355486862442,0.9958524219295724,195,FLAN_T5_XXL
