Average Rouge-1 Score (C),Average Rouge-2 Score (C),Average Rouge-L Score (C),Average Levenshtein (C),Weighted Avg. Percentage Skills (C),Cosine Similarity (C),Number of Samples,model
0.999999995,0.4999999975,0.999999995,0.0,1.0,1.0000001192092896,1,FLAN_T5_XXL
0.37777777538271606,0.26190476049319733,0.37777777538271606,41.0,0.4,0.9273743232091267,10,FLAN_T5_XXL
0.456140348508772,0.28947368263157897,0.456140348508772,17.210526315789473,0.42105263157894735,0.9506430531802931,19,FLAN_T5_XXL
0.7865005050819568,0.7544817886824038,0.7865005050819568,13.235294117647058,0.7534246575342466,0.9686708361202595,34,FLAN_T5_XXL
0.5151515116193182,0.3560606039393939,0.5151515116193182,26.454545454545453,0.5217391304347826,0.9459218915664789,11,FLAN_T5_XXL
0.5978894230479876,0.5059748390760075,0.5978894230479876,15.11320754716981,0.26785714285714285,0.9583439264657363,53,FLAN_T5_XXL
0.6666666633333334,0.0,0.6666666633333334,7.0,0.6666666666666666,0.9806063572565714,3,FLAN_T5_XXL
0.619841266412897,0.5582010553218697,0.619841266412897,10.825396825396826,0.515625,0.9655355054234701,63,FLAN_T5_XXL
0.6081552172648651,0.5136996307039652,0.6081552172648651,15.435897435897436,0.5168539325842697,0.9590261869196198,195,FLAN_T5_XXL
