Average Rouge-1 Score (SENTENCE),Average Rouge-2 Score (SENTENCE),Average Rouge-L Score (SENTENCE),Average Levenshtein (SENTENCE),Cosine Similarity (SENTENCE),Number of Samples,model
0.999999995,0.999999995,0.999999995,1.0,0.9999998807907104,1,FLAN_T5_XXL
0.9691111061121582,0.914262075214932,0.9691111061121582,10.2,0.995074200630188,10,FLAN_T5_XXL
0.9861287308729657,0.9571438485252228,0.9861287308729657,3.263157894736842,0.9932016165632951,19,FLAN_T5_XXL
0.9913088567703234,0.9684805660374437,0.9913088567703234,5.676470588235294,0.9916779135956484,34,FLAN_T5_XXL
0.9765840170454806,0.9125880767866632,0.9765840170454806,7.2727272727272725,0.9775123325261202,11,FLAN_T5_XXL
0.9756344980307741,0.9492356769337171,0.9756344980307741,3.2830188679245285,0.9890945610010399,53,FLAN_T5_XXL
0.999999995,0.999999995,0.999999995,0.0,1.00000003973643,3,FLAN_T5_XXL
0.9774197764620414,0.9565748699663398,0.9774197764620414,3.857142857142857,0.9895257069951012,63,FLAN_T5_XXL
0.9798443459601522,0.9522412894492466,0.9798443459601522,4.415384615384616,0.9899973627848503,195,FLAN_T5_XXL
