Average Rouge-1 Score (SENTENCE),Average Rouge-2 Score (SENTENCE),Average Rouge-L Score (SENTENCE),Average Levenshtein (SENTENCE),Cosine Similarity (SENTENCE),Number of Samples,model
0.9333333283555556,0.5714285665306124,0.9333333283555556,19.0,0.992181122303009,1,Bloom
0.9566002611961082,0.8614044422188588,0.9566002611961082,21.2,0.9918531894683837,10,Bloom
0.9835702513410438,0.9428761139718681,0.9835702513410438,3.263157894736842,0.9924526998871251,19,Bloom
0.969502781470637,0.943286530188269,0.969502781470637,11.676470588235293,0.9901432955966276,34,Bloom
0.9834090859115936,0.9343327606390388,0.9834090859115936,11.454545454545455,0.9918022372505881,11,Bloom
0.9711817479069382,0.933907516445897,0.9711817479069382,21.358490566037737,0.9824367986535126,53,Bloom
0.999999995,0.999999995,0.999999995,0.3333333333333333,1.00000003973643,3,Bloom
0.933648454927243,0.9141456990430296,0.933648454927243,14.920634920634921,0.974220179376148,63,Bloom
0.9603089769759467,0.9258348663536341,0.9603089769759467,14.815384615384616,0.9835232447355221,195,Bloom
