Average Rouge-1 Score (C),Average Rouge-2 Score (C),Average Rouge-L Score (C),Average Levenshtein (C),Weighted Avg. Percentage Skills (C),Cosine Similarity (C),Number of Samples,model
0.999999995,0.4999999975,0.999999995,0.0,1.0,1.0000001192092896,1,T5_large
0.6183333294233334,0.3388888866574074,0.6183333294233334,11.9,0.56,0.9675775942979037,10,T5_large
0.6842105221710527,0.42105262894736845,0.6842105221710527,1.5789473684210527,0.7368421052631579,0.9850701198858374,19,T5_large
0.7082710819555387,0.5168767477782413,0.7082710819555387,14.058823529411764,0.547945205479452,0.958564615342766,34,T5_large
0.47077921742849416,0.21212121060606062,0.47077921742849416,32.45454545454545,0.30434782608695654,0.9197625100612641,11,T5_large
0.4257405558912408,0.345702303254519,0.4257405558912408,9.60377358490566,0.39285714285714285,0.9475774453444914,53,T5_large
0.9166666616666667,0.2222222205555556,0.9166666616666667,3.3333333333333335,0.6666666666666666,0.9623170693715414,3,T5_large
0.7993080947174095,0.6652236615294361,0.7993080947174095,3.507936507936508,0.640625,0.9831342885891596,63,T5_large
0.6467373374262443,0.47535390238826447,0.6467373374262443,8.841025641025642,0.5393258426966292,0.9655056460821921,195,T5_large
