Average Rouge-1 Score (SENTENCE),Average Rouge-2 Score (SENTENCE),Average Rouge-L Score (SENTENCE),Average Levenshtein (SENTENCE),Cosine Similarity (SENTENCE),Number of Samples,model
0.999999995,0.999999995,0.999999995,1.0,0.9999998807907104,1,T5_large
0.9447330407689727,0.8674198440805153,0.9447330407689727,23.8,0.9912799537181854,10,T5_large
0.9739983588824224,0.9273259684590066,0.9739983588824224,7.894736842105263,0.9943403601646423,19,T5_large
0.9542403899137852,0.8698962042682139,0.9542403899137852,20.264705882352942,0.9820448949056513,34,T5_large
0.93251083392145,0.8050513637495919,0.93251083392145,34.81818181818182,0.9728974158113654,11,T5_large
0.9408458899070061,0.8654036542713437,0.9408458899070061,23.264150943396228,0.9736023938880777,53,T5_large
0.999999995,0.999999995,0.999999995,0.0,1.00000003973643,3,T5_large
0.9752628980110851,0.9363522323300264,0.9752628980110851,5.253968253968254,0.9872056255264888,63,T5_large
0.9587768531868208,0.8952923696208406,0.9587768531868208,15.517948717948718,0.983033567514175,195,T5_large
