Average Rouge-1 Score (ALL),Average Rouge-2 Score (ALL),Average Rouge-L Score (ALL),Average Levenshtein (ALL),Weighted Avg. Percentage Skills (ALL),Cosine Similarity (ALL),Number of Samples,model
0.999999995,0.3333333316666667,0.999999995,0.0,1.0,1.0000001986821492,1,T5_large
0.8669444399100927,0.5991666636430556,0.8669444399100927,11.8,0.7450980392156863,0.9823635746538638,10,T5_large
0.887573094786428,0.4315789452105263,0.887573094786428,3.263157894736842,0.7936507936507936,0.9905258145248682,19,T5_large
0.8802816635488845,0.7464985956795919,0.8802816635488845,14.352941176470589,0.7218045112781954,0.9768743952699737,34,T5_large
0.7842352049679339,0.618181815040404,0.7842352049679339,36.54545454545455,0.574468085106383,0.9537186091596429,11,T5_large
0.8202653958876581,0.7298217991235995,0.8202653958876581,9.641509433962264,0.6878980891719745,0.9717868342901924,53,T5_large
0.9583333283333334,0.6111111077777778,0.9583333283333334,3.3333333333333335,0.8333333333333334,0.9811586439609528,3,T5_large
0.9318289686316504,0.8200015991508145,0.9318289686316504,3.8095238095238093,0.842391304347826,0.9904019666727258,63,T5_large
0.8776604512625241,0.7139142302599992,0.8776604512625241,9.38974358974359,0.749613601236476,0.9804705772873682,195,T5_large
